from,to,cost_unit,distance
HNK,HKS,10,7.8
HNK,HKS,10,7.8
HNK,HN,0,2.3
HNK,HN,0,2.3
RAT,HNO,6,5.5
RAT,HNO,6,5.5
RAT,NVD,14,12.8
RAT,NVD,14,12.8
RTST,RLB,3,1.7
RTST,RLB,3,1.7
RTST,RTZ,0,1.3
RTST,RTZ,0,1.3
EPRN,EDD,3,2.4
EPRN,EDD,3,2.4
EPRN,ELUE,3,3.3
EPRN,ELUE,3,3.3
GLN,SBK,3,2.7
GLN,SBK,3,2.7
GLN,STD,4,4.0
GLN,STD,4,4.0
HNO,RAT,6,5.5
HNO,RAT,6,5.5
HNO,ZL,12,12.3
HNO,ZL,12,12.3
KTR,OP,4,3.7
KTR,OP,4,3.7
KTR,TL,12,12.0
KTR,TL,12,12.0
YPB,VB,4,2.6
YPB,VB,4,2.6
YPB,ZTM,5,5.9
YPB,ZTM,5,5.9
HNP,KMW,5,4.9
HNP,KMW,5,4.9
HNP,WK,4,3.7
HNP,WK,4,3.7
FLGP,FLJ,1,0.9
FLGP,FLJ,1,0.9
FLGP,LHS,4,4.0
FLGP,LHS,4,4.0
EHS,BET,9,8.0
EHS,BET,9,8.0
EHS,EHV,1,2.0
EHS,EHV,1,2.0
SDA,WS,5,4.8
SDA,WS,5,4.8
SDA,ZB,8,7.4
SDA,ZB,8,7.4
EHV,EHS,1,2.0
EHV,EHS,1,2.0
EHV,GP,6,5.5
EHV,GP,6,5.5
EHV,HMBV,10,9.0
EHV,HMBV,10,9.0
EHW,ECMF,7,7.3
EHW,ECMF,7,7.3
EHW,ELGD,5,4.5
EHW,ELGD,5,4.5
LWC,HDG,7,6.4
LWC,HDG,7,6.4
LWC,LW,3,3.4
LWC,LW,3,3.4
LANDRY,AIME,7,7.0
LANDRY,AIME,7,7.0
LANDRY,BOURG,6,5.8
LANDRY,BOURG,6,5.8
UHM,RD,3,2.7
UHM,RD,3,2.7
UHM,UHZ,3,3.1
UHM,UHZ,3,3.1
SDM,DTCP,8,8.3
SDM,DTCP,8,8.3
SDM,RTD,4,4.1
SDM,RTD,4,4.1
REGENB,NURNB,89,88.2
REGENB,NURNB,89,88.2
REGENB,PASS,111,110.3
REGENB,PASS,111,110.3
AC,ASHD,2,2.5
AC,ASHD,2,2.5
AC,BKL,12,11.9
AC,BKL,12,11.9
SDT,HBZM,1,2.6
SDT,HBZM,1,2.6
SDT,SDTB,3,2.4
SDT,SDTB,3,2.4
ASDL,ASS,3,3.5
ASDL,ASS,3,3.5
ASDL,SHL,12,7.3
ASDL,SHL,12,7.3
ASDL,ZD,9,9.1
ASDL,ZD,9,9.1
ASDM,ASA,2,1.8
ASDM,ASA,2,1.8
ASDM,ASD,4,2.9
ASDM,ASD,4,2.9
ASDM,ASSP,1,1.2
ASDM,ASSP,1,1.2
HON,DVC,15,14.5
HON,DVC,15,14.5
HON,RSN,7,7.5
HON,RSN,7,7.5
UHZ,UHM,3,3.1
UHZ,UHM,3,3.1
UHZ,UST,5,4.4
UHZ,UST,5,4.4
AH,AHP,1,1.4
AH,AHP,1,1.4
AH,AHZ,8,4.6
AH,AHZ,8,4.6
AH,OTB,4,4.2
AH,OTB,4,4.2
HMBH,DN,9,6.3
HMBH,DN,9,6.3
HMBH,HM,0,2.8
HMBH,HM,0,2.8
HOR,HVSP,6,4.3
HOR,HVSP,6,4.3
HOR,UTO,9,8.4
HOR,UTO,9,8.4
LINZ,AMST,48,327.5
LINZ,AMST,48,327.5
LINZ,WELS,24,24.0
LINZ,WELS,24,24.0
HRLW,HRL,2,1.7
HRLW,HRL,2,1.7
HRLW,VDL,2,1.9
HRLW,VDL,2,1.9
PASS,REGENB,111,110.3
PASS,REGENB,111,110.3
PASS,WELS,62,62.1
PASS,WELS,62,62.1
DMNZ,DVD,2,1.5
DMNZ,DVD,2,1.5
DMNZ,WP,7,6.2
DMNZ,WP,7,6.2
NEUSS,DUSSEL,8,7.8
NEUSS,DUSSEL,8,7.8
NEUSS,MCGB,17,16.6
NEUSS,MCGB,17,16.6
HMBV,EHV,10,9.0
HMBV,EHV,10,9.0
HMBV,HMH,3,1.8
HMBV,HMH,3,1.8
ACDG,BRUSZ,240,239.8
ACDG,BRUSZ,240,239.8
ACDG,MARNE,22,21.6
ACDG,MARNE,22,21.6
ACDG,VALTGV,483,486.2
ACDG,VALTGV,483,486.2
GND,BHDV,3,2.9
GND,BHDV,3,2.9
GND,HBZM,3,1.4
GND,HBZM,3,1.4
TGO,TP,18,17.7
TGO,TP,18,17.7
FLB,FNAF,50,49.8
FLB,FNAF,50,49.8
WIENH,POLTEN,48,47.1
WIENH,POLTEN,48,47.1
BASELS,BADENZ,55,54.5
BASELS,BADENZ,55,54.5
BASELS,BASELB,3,2.7
BASELS,BASELB,3,2.7
BD,BDPB,5,4.3
BD,BDPB,5,4.3
BD,ETN,11,10.2
BD,ETN,11,10.2
BD,GZ,10,10.2
BD,GZ,10,10.2
BD,NDKP,28,28.3
BD,NDKP,28,28.3
BDE,BK,7,6.6
BDE,BK,7,6.6
BDE,MT,6,5.6
BDE,MT,6,5.6
UTLR,UT,3,3.3
UTLR,UT,3,3.3
UTLR,UTT,2,1.5
UTLR,UTT,2,1.5
BF,WFM,5,4.6
BF,WFM,5,4.6
BF,WSM,3,3.4
BF,WSM,3,3.4
BDG,APN,8,7.7
BDG,APN,8,7.7
BDG,WD,11,10.1
BDG,WD,11,10.1
FLK,LSW,7,7.1
FLK,LSW,7,7.1
FLJ,FLGP,1,0.9
FLJ,FLGP,1,0.9
FLJ,LUIK,2,1.8
FLJ,LUIK,2,1.8
BH,ODZ,15,15.2
BH,ODZ,15,15.2
BH,RHEINE,19,19.1
BH,RHEINE,19,19.1
GNN,GN,4,2.2
GNN,GN,4,2.2
GNN,SWD,7,6.9
GNN,SWD,7,6.9
UTLN,HTN,4,3.9
UTLN,HTN,4,3.9
UTLN,UTVR,3,2.1
UTLN,UTVR,3,2.1
G,EEPE,4,3.6
G,EEPE,4,3.6
G,EOP,11,11.0
G,EOP,11,11.0
G,GBR,3,3.3
G,GBR,3,3.3
LUIK,BRESSX,3,3.8
LUIK,BRESSX,3,3.8
LUIK,FLJ,2,1.8
LUIK,FLJ,2,1.8
LUIK,LEUVEN,55,66.3
LUIK,LEUVEN,55,66.3
BK,BDE,7,6.6
BK,BDE,7,6.6
BK,LUT,4,4.1
BK,LUT,4,4.1
BDM,STM,7,6.6
BDM,STM,7,6.6
BDM,SWD,4,3.9
BDM,SWD,4,3.9
BL,ASN,16,15.6
BL,ASN,16,15.6
BL,HGV,14,13.8
BL,HGV,14,13.8
BN,AMRI,7,7.3
BN,AMRI,7,7.3
BN,HGL,5,5.2
BN,HGL,5,5.2
VLB,BMR,7,7.1
VLB,BMR,7,7.1
VLB,VRY,7,7.4
VLB,VRY,7,7.4
BP,DWE,7,7.4
BP,DWE,7,7.4
BP,GK,11,11.0
BP,GK,11,11.0
O,OW,0,2.0
O,OW,0,2.0
O,RVS,8,7.8
O,RVS,8,7.8
BR,HRT,10,9.9
BR,HRT,10,9.9
BR,VL,2,1.6
BR,VL,2,1.6
BR,VRY,21,19.7
BR,VRY,21,19.7
AVTGV,AIXTGV,67,69.1
AVTGV,AIXTGV,67,69.1
AVTGV,VALTGV,110,112.2
AVTGV,VALTGV,110,112.2
ZTM,YPB,5,5.9
ZTM,YPB,5,5.9
ZTM,ZTMO,0,1.1
ZTM,ZTMO,0,1.1
BV,DRH,6,4.2
BV,DRH,6,4.2
BV,HK,3,2.8
BV,HK,3,2.8
EMNZ,EMN,4,4.9
EMNZ,EMN,4,4.9
EMNZ,NA,5,3.8
EMNZ,NA,5,3.8
HWZB,ASS,7,6.2
HWZB,ASS,7,6.2
HWZB,HLMS,5,5.0
HWZB,HLMS,5,5.0
ASDZ,RAI,0,1.2
ASDZ,RAI,0,1.2
ASDZ,SHL,11,8.2
ASDZ,SHL,11,8.2
HANN,BIELEF,99,91.0
HANN,BIELEF,99,91.0
HANN,HWOB,72,71.2
HANN,HWOB,72,71.2
HANN,MINDEN,56,55.7
HANN,MINDEN,56,55.7
SDTB,DDRS,4,3.6
SDTB,DDRS,4,3.6
SDTB,SDT,3,2.4
SDTB,SDT,3,2.4
FMB,FSV,3,2.7
FMB,FSV,3,2.7
FMB,LNI,3,2.8
FMB,LNI,3,2.8
OBERHS,OBERH,4,4.2
OBERHS,OBERH,4,4.2
OBERHS,WESEL,22,21.9
OBERHS,WESEL,22,21.9
BLTM,LHS,4,3.9
BLTM,LHS,4,3.9
BLTM,LSL,2,2.3
BLTM,LSL,2,2.3
BASELB,BASELS,3,2.7
BASELB,BASELS,3,2.7
BASELB,RF,51,50.9
BASELB,RF,51,50.9
DID,WL,6,6.2
DID,WL,6,6.2
DID,ZV,5,4.3
DID,ZV,5,4.3
KWO,KSWE,5,5.1
KWO,KSWE,5,5.1
KWO,KWBA,2,1.9
KWO,KWBA,2,1.9
HDRZ,ANA,12,7.9
HDRZ,ANA,12,7.9
HDRZ,HDR,0,2.5
HDRZ,HDR,0,2.5
CK,BMR,10,10.2
CK,BMR,10,10.2
CK,MMLH,4,4.4
CK,MMLH,4,4.4
CL,GDM,8,7.7
CL,GDM,8,7.7
CL,HTNC,10,8.5
CL,HTNC,10,8.5
ZUE,BADENZ,21,20.6
ZUE,BADENZ,21,20.6
CO,DLN,4,3.7
CO,DLN,4,3.7
CO,GBG,7,7.3
CO,GBG,7,7.3
BET,BTL,10,9.6
BET,BTL,10,9.6
BET,EHS,9,8.0
BET,EHS,9,8.0
ENOW,EABG,3,3.1
ENOW,EABG,3,3.1
ENOW,EBGO,6,6.3
ENOW,EBGO,6,6.3
FMZ,FNAF,23,23.0
FMZ,FNAF,23,23.0
FMZ,KKO,62,61.6
FMZ,KKO,62,61.6
FMZ,MANNHE,60,60.0
FMZ,MANNHE,60,60.0
EKZ,BKF,4,2.3
EKZ,BKF,4,2.3
AHPR,AHP,2,1.7
AHPR,AHP,2,1.7
AHPR,VP,3,2.6
AHPR,VP,3,2.6
LZD,FNZD,5,4.6
LZD,FNZD,5,4.6
LZD,LM,3,3.0
LZD,LM,3,3.0
HAMM,BIELEF,45,63.3
HAMM,BIELEF,45,63.3
HAMM,EBEO,10,9.6
HAMM,EBEO,10,9.6
HAMM,EDO,30,29.9
HAMM,EDO,30,29.9
HAMM,MUNST,36,33.2
HAMM,MUNST,36,33.2
SGL,MES,3,3.4
SGL,MES,3,3.4
SGL,VK,3,2.5
SGL,VK,3,2.5
SGN,ANA,9,9.2
SGN,ANA,9,9.2
SGN,HWD,14,12.8
SGN,HWD,14,12.8
DA,VHP,2,1.9
DA,VHP,2,1.9
DA,VZ,5,4.6
DA,VZ,5,4.6
DB,BNK,4,4.4
DB,BNK,4,4.4
DB,MRN,8,7.6
DB,MRN,8,7.6
EDULH,ELDH,12,11.9
EDULH,ELDH,12,11.9
EDULH,ELET,10,10.4
EDULH,ELET,10,10.4
HRL,HB,4,3.5
HRL,HB,4,3.5
HRL,HRLW,2,1.7
HRL,HRLW,2,1.7
HRL,LG,3,3.2
HRL,LG,3,3.2
HRN,ASN,22,20.7
HRN,ASN,22,20.7
HRN,GERP,4,3.8
HRN,GERP,4,3.8
ZVB,ODB,8,7.8
ZVB,ODB,8,7.8
ZVB,ZLW,8,6.8
ZVB,ZLW,8,6.8
DL,OMN,11,10.7
DL,OMN,11,10.7
DL,ZL,12,11.3
DL,ZL,12,11.3
BIELEF,HAMM,45,63.3
BIELEF,HAMM,45,63.3
BIELEF,HANN,99,91.0
BIELEF,HANN,99,91.0
DN,HMBH,9,6.3
DN,HMBH,9,6.3
DN,HRT,18,17.9
DN,HRT,18,17.9
HRT,BR,10,9.9
HRT,BR,10,9.9
HRT,DN,18,17.9
HRT,DN,18,17.9
FNU,FBR,6,5.7
FNU,FBR,6,5.7
FNU,FSN,3,3.3
FNU,FSN,3,3.3
DR,BMN,6,5.9
DR,BMN,6,5.9
DR,RH,6,6.3
DR,RH,6,6.3
HRY,HR,1,3.5
HRY,HR,1,3.5
HRY,WV,10,7.3
HRY,WV,10,7.3
DT,DTCP,2,1.9
DT,DTCP,2,1.9
DT,RSW,5,4.5
DT,RSW,5,4.5
LLZM,GD,13,13.1
LLZM,GD,13,13.1
LLZM,ZTMO,2,1.7
LLZM,ZTMO,2,1.7
DV,DVC,4,3.8
DV,DVC,4,3.8
DV,OST,10,9.2
DV,OST,10,9.2
DV,TWL,5,4.8
DV,TWL,5,4.8
DV,ZP,16,12.7
DV,ZP,16,12.7
RHEINE,BH,19,19.1
RHEINE,BH,19,19.1
RHEINE,ENHF,35,35.3
RHEINE,ENHF,35,35.3
RHEINE,OSNH,43,42.7
RHEINE,OSNH,43,42.7
DZ,DZW,1,1.2
DZ,DZW,1,1.2
SHL,ASDL,12,7.3
SHL,ASDL,12,7.3
SHL,ASDZ,11,8.2
SHL,ASDZ,11,8.2
SHL,HFD,5,4.5
SHL,HFD,5,4.5
ZVT,OVN,6,5.3
ZVT,OVN,6,5.3
FOE,FNZD,3,3.4
FOE,FNZD,3,3.4
FOE,LKM,5,5.2
FOE,LKM,5,5.2
EC,RM,13,13.1
EC,RM,13,13.1
EC,SRN,5,4.5
EC,SRN,5,4.5
ED,EDC,2,1.8
ED,EDC,2,1.8
ED,KLP,7,7.1
ED,KLP,7,7.1
ED,WF,9,8.6
ED,WF,9,8.6
EML,HD,4,4.0
EML,HD,4,4.0
EML,PT,5,4.9
EML,PT,5,4.9
ZWD,BRD,7,7.5
ZWD,BRD,7,7.5
ZWD,DDR,2,2.0
ZWD,DDR,2,2.0
EL,EM,8,8.3
EL,EM,8,8.3
EL,ZV,8,7.8
EL,ZV,8,7.8
EMN,EMNZ,4,4.9
EMN,EMNZ,4,4.9
BGN,RB,16,12.2
BGN,RB,16,12.2
BGN,RSD,13,12.4
BGN,RSD,13,12.4
EM,EL,8,8.3
EM,EL,8,8.3
ES,ESE,6,4.2
ES,ESE,6,4.2
ES,ESK,4,3.9
ES,ESK,4,3.9
ASHD,AC,2,2.5
ASHD,AC,2,2.5
ASHD,ASB,1,1.8
ASHD,ASB,1,1.8
DLD,AMF,9,8.8
DLD,AMF,9,8.8
DLD,BHV,3,2.9
DLD,BHV,3,2.9
DLD,STZ,7,5.0
DLD,STZ,7,5.0
CHAMB,ALBERT,38,37.8
CHAMB,ALBERT,38,37.8
CHAMB,BRUSZ,597,597.1
CHAMB,BRUSZ,597,597.1
BHF,BERHBL,5,4.7
BHF,BERHBL,5,4.7
HTO,HT,0,2.0
HTO,HT,0,2.0
HTO,RS,7,3.8
HTO,RS,7,3.8
HTN,HTNC,0,2.0
HTN,HTNC,0,2.0
HTN,UTLN,4,3.9
HTN,UTLN,4,3.9
HLGH,HLG,1,1.1
HLGH,HLG,1,1.1
LILLEE,BRUSZ,100,91.5
LILLEE,BRUSZ,100,91.5
DLN,CO,4,3.7
DLN,CO,4,3.7
DLN,NA,7,6.7
DLN,NA,7,6.7
FN,DRP,6,5.8
FN,DRP,6,5.8
FN,HLG,9,8.3
FN,HLG,9,8.3
NSCH,WR,10,9.9
NSCH,WR,10,9.9
NSCH,WS,12,12.0
NSCH,WS,12,12.0
OBD,HN,11,10.7
OBD,HN,11,10.7
OBD,HWD,6,5.8
OBD,HWD,6,5.8
BHV,DLD,3,2.9
BHV,DLD,3,2.9
BHV,UTM,9,6.8
BHV,UTM,9,6.8
BHV,UTO,6,5.8
BHV,UTO,6,5.8
BUENDE,OEYNH,16,15.2
BUENDE,OEYNH,16,15.2
BUENDE,OSNH,40,35.7
BUENDE,OSNH,40,35.7
DTCH,DTC,2,2.5
DTCH,DTC,2,2.5
DTCH,WL,3,3.2
DTCH,WL,3,3.2
MCGB,NEUSS,17,16.6
MCGB,NEUSS,17,16.6
MCGB,VIERS,7,7.1
MCGB,VIERS,7,7.1
RHN,VNDC,8,7.1
RHN,VNDC,8,7.1
BRUSC,BRUSN,2,1.6
BRUSC,BRUSN,2,1.6
BRUSC,BRUSZ,1,1.7
BRUSC,BRUSZ,1,1.7
DTCP,DT,2,1.9
DTCP,DT,2,1.9
DTCP,SDM,8,8.3
DTCP,SDM,8,8.3
GD,GDG,3,2.5
GD,GDG,3,2.5
GD,LLZM,13,13.1
GD,LLZM,13,13.1
GD,NWK,9,8.3
GD,NWK,9,8.3
GD,WADT,7,3.9
GD,WADT,7,3.9
MUNST,ENHF,3,3.1
MUNST,ENHF,3,3.1
MUNST,HAMM,36,33.2
MUNST,HAMM,36,33.2
MUNST,OSNH,50,45.6
MUNST,OSNH,50,45.6
APDO,APD,3,2.4
APDO,APD,3,2.4
APDO,TWL,7,6.9
APDO,TWL,7,6.9
BRUSZ,ACDG,240,239.8
BRUSZ,ACDG,240,239.8
BRUSZ,BRUSC,1,1.7
BRUSZ,BRUSC,1,1.7
BRUSZ,CHAMB,597,597.1
BRUSZ,CHAMB,597,597.1
BRUSZ,LILLEE,100,91.5
BRUSZ,LILLEE,100,91.5
BRUSZ,PARIS,260,259.8
BRUSZ,PARIS,260,259.8
DMN,ASSP,2,1.8
DMN,ASSP,2,1.8
DMN,WP,7,6.3
DMN,WP,7,6.3
GK,BP,11,11.0
GK,BP,11,11.0
GK,ZH,7,6.5
GK,ZH,7,6.5
APDM,APD,1,2.1
APDM,APD,1,2.1
APDM,KBK,8,6.4
APDM,KBK,8,6.4
GN,GERP,2,1.5
GN,GERP,2,1.5
GN,GNN,4,2.2
GN,GNN,4,2.2
GN,ZH,12,11.4
GN,ZH,12,11.4
EOP,EMTE,7,6.6
EOP,EMTE,7,6.6
EOP,G,11,11.0
EOP,G,11,11.0
BRUSN,BRUSC,2,1.6
BRUSN,BRUSC,2,1.6
BRUSN,FBNL,10,9.7
BRUSN,FBNL,10,9.7
BRUSN,LEUVEN,30,25.0
BRUSN,LEUVEN,30,25.0
BRUSN,MECH,24,19.5
BRUSN,MECH,24,19.5
GO,DDN,10,9.6
GO,DDN,10,9.6
GO,LC,13,12.9
GO,LC,13,12.9
GP,EHV,6,5.5
GP,EHV,6,5.5
GP,HZE,5,4.1
GP,HZE,5,4.1
GR,AKL,5,4.6
GR,AKL,5,4.6
GR,BHDV,6,6.2
GR,BHDV,6,6.2
GS,ARN,15,15.3
GS,ARN,15,15.3
GS,BZL,5,4.9
GS,BZL,5,4.9
GV,GVC,0,1.2
GV,GVC,0,1.2
GV,GVMW,2,2.0
GV,GVMW,2,2.0
GV,LAA,0,1.7
GV,LAA,0,1.7
GW,AKM,5,4.9
GW,AKM,5,4.9
GW,LW,13,12.1
GW,LW,13,12.1
WSM,BF,3,3.4
WSM,BF,3,3.4
WSM,SWD,5,4.5
WSM,SWD,5,4.5
WADT,GD,7,3.9
WADT,GD,7,3.9
WADT,WAD,1,1.9
WADT,WAD,1,1.9
GZ,BD,10,10.2
GZ,BD,10,10.2
GZ,TBR,6,4.9
GZ,TBR,6,4.9
HB,HRL,4,3.5
HB,HRL,4,3.5
HB,NH,3,3.1
HB,NH,3,3.1
HD,EML,4,4.0
HD,EML,4,4.0
HD,NS,12,11.8
HD,NS,12,11.8
WADN,BSKS,2,1.4
WADN,BSKS,2,1.4
WADN,WAD,0,1.2
WADN,WAD,0,1.2
WELS,LINZ,24,24.0
WELS,LINZ,24,24.0
WELS,PASS,62,62.1
WELS,PASS,62,62.1
HVL,AMF,7,6.1
HVL,AMF,7,6.1
HVL,APD,35,35.3
HVL,APD,35,35.3
HVL,BNN,9,9.6
HVL,BNN,9,9.6
HK,BV,3,2.8
HK,BV,3,2.8
HK,UTG,3,3.1
HK,UTG,3,3.1
HVS,BRN,7,7.0
HVS,BRN,7,7.0
HVS,HVSM,1,1.5
HVS,HVSM,1,1.5
HVS,HVSP,0,1.1
HVS,HVSP,0,1.1
HM,HMBH,0,2.8
HM,HMBH,0,2.8
HM,HMH,0,2.3
HM,HMH,0,2.3
FRP,FSV,3,3.0
FRP,FSV,3,3.0
HN,HNK,0,2.3
HN,HNK,0,2.3
HN,OBD,11,10.7
HN,OBD,11,10.7
HN,PMO,19,16.0
HN,PMO,19,16.0
EGHM,HZ,4,3.7
EGHM,HZ,4,3.7
EGHM,LG,3,2.9
EGHM,LG,3,2.9
AHP,AH,1,1.4
AHP,AH,1,1.4
AHP,AHPR,2,1.7
AHP,AHPR,2,1.7
AHP,WTV,4,4.2
AHP,WTV,4,4.2
HR,AKM,11,10.6
HR,AKM,11,10.6
HR,HRY,1,3.5
HR,HRY,1,3.5
HT,HTO,0,2.0
HT,HTO,0,2.0
HT,TB,22,20.5
HT,TB,22,20.5
HT,VG,4,3.9
HT,VG,4,3.9
HT,ZBM,13,13.3
HT,ZBM,13,13.3
ODB,RSD,7,7.4
ODB,RSD,7,7.4
ODB,ZVB,8,7.8
ODB,ZVB,8,7.8
HZ,EGHM,4,3.7
HZ,EGHM,4,3.7
ZZS,KZ,1,1.2
ZZS,KZ,1,1.2
ZZS,WM,3,2.4
ZZS,WM,3,2.4
AHZ,AH,8,4.6
AHZ,AH,8,4.6
AHZ,EST,3,4.2
AHZ,EST,3,4.2
HWD,AMRN,7,4.9
HWD,AMRN,7,4.9
HWD,OBD,6,5.8
HWD,OBD,6,5.8
HWD,SGN,14,12.8
HWD,SGN,14,12.8
WTV,AHP,4,4.2
WTV,AHP,4,4.2
WTV,DVN,4,3.8
WTV,DVN,4,3.8
BKF,BKG,0,1.0
BKF,BKG,0,1.0
BKF,EKZ,4,2.3
BKF,EKZ,4,2.3
VRY,BR,21,19.7
VRY,BR,21,19.7
VRY,VLB,7,7.4
VRY,VLB,7,7.4
BKG,BKF,0,1.0
BKG,BKF,0,1.0
BKG,HKS,4,3.7
BKG,HKS,4,3.7
VNDC,RHN,8,7.1
VNDC,RHN,8,7.1
VNDC,VNDW,0,1.5
VNDC,VNDW,0,1.5
FSN,FNU,3,3.3
FSN,FNU,3,3.3
FSN,LLB,5,4.5
FSN,LLB,5,4.5
BKL,AC,12,11.9
BKL,AC,12,11.9
BKL,MAS,5,5.0
BKL,MAS,5,5.0
BKL,WD,19,11.7
BKL,WD,19,11.7
ODZ,BH,15,15.2
ODZ,BH,15,15.2
ODZ,HGLO,9,8.9
ODZ,HGLO,9,8.9
FSV,FMB,3,2.7
FSV,FMB,3,2.7
FSV,FRP,3,3.0
FSV,FRP,3,3.0
ZLSH,KPN,10,9.5
ZLSH,KPN,10,9.5
ZLSH,ZL,5,3.7
ZLSH,ZL,5,3.7
GVC,GV,0,1.2
GVC,GV,0,1.2
GVC,LAA,0,1.2
GVC,LAA,0,1.2
GVC,VB,3,2.8
GVC,VB,3,2.8
VST,DVNK,2,2.9
VST,DVNK,2,2.9
VST,GVM,6,5.8
VST,GVM,6,5.8
VSS,MDB,6,3.7
VSS,MDB,6,3.7
VSS,VS,0,2.1
VSS,VS,0,2.1
FTG,FIE,10,9.7
FTG,FIE,10,9.7
FTG,LGL,6,5.8
FTG,LGL,6,5.8
VSV,ATN,9,8.4
VSV,ATN,9,8.4
VSV,TBG,7,6.7
VSV,TBG,7,6.7
EMTE,EBFT,5,5.4
EMTE,EBFT,5,5.4
EMTE,EOP,7,6.6
EMTE,EOP,7,6.6
MAS,BKL,5,5.0
MAS,BKL,5,5.0
MAS,UTZL,5,5.3
MAS,UTZL,5,5.3
GVM,LAA,4,2.3
GVM,LAA,4,2.3
GVM,VST,6,5.8
GVM,VST,6,5.8
ATWLB,ANDD,5,1.9
ATWLB,ANDD,5,1.9
ATWLB,ATW,4,3.1
ATWLB,ATW,4,3.1
ATWLB,NDKP,19,19.2
ATWLB,NDKP,19,19.2
BLL,HLM,3,2.0
BLL,HLM,3,2.0
BLL,SPTZ,2,1.7
BLL,SPTZ,2,1.7
RLB,BDPB,31,33.1
RLB,BDPB,31,33.1
RLB,BRD,4,3.2
RLB,BRD,4,3.2
RLB,NDKP,59,58.5
RLB,NDKP,59,58.5
RLB,RTST,3,1.7
RLB,RTST,3,1.7
MANNHE,FFFM,71,71.2
MANNHE,FFFM,71,71.2
MANNHE,FMZ,60,60.0
MANNHE,FMZ,60,60.0
MANNHE,FNAF,64,64.2
MANNHE,FNAF,64,64.2
MANNHE,KARLSR,54,54.2
MANNHE,KARLSR,54,54.2
MANNHE,TS,93,93.1
MANNHE,TS,93,93.1
NDB,AMPO,7,7.0
NDB,AMPO,7,7.0
NDB,BSMZ,0,1.7
NDB,BSMZ,0,1.7
NDB,WP,9,8.5
NDB,WP,9,8.5
VTN,UTT,2,2.5
VTN,UTT,2,2.5
VTN,WD,9,8.0
VTN,WD,9,8.0
KBOI,KBRY,3,3.2
KBOI,KBRY,3,3.2
KBOI,KDUL,5,4.8
KBOI,KDUL,5,4.8
GWD,ESN,4,4.0
GWD,ESN,4,4.0
GWD,FKTH,4,4.1
GWD,FKTH,4,4.1
ESE,ES,6,4.2
ESE,ES,6,4.2
ESE,GBR,3,1.6
ESE,GBR,3,1.6
ELUE,EBOK,8,7.7
ELUE,EBOK,8,7.7
ELUE,EPRN,3,3.3
ELUE,EPRN,3,3.3
ESK,ES,4,3.9
ESK,ES,4,3.9
ESK,HGL,4,4.1
ESK,HGL,4,4.1
ESN,GWD,4,4.0
ESN,GWD,4,4.0
ESN,RSD,9,8.7
ESN,RSD,9,8.7
AKL,GR,5,4.6
AKL,GR,5,4.6
AKL,LDM,7,7.2
AKL,LDM,7,7.2
BMN,DR,6,5.9
BMN,DR,6,5.9
BMN,ZP,7,6.8
BMN,ZP,7,6.8
AKM,GW,5,4.9
AKM,GW,5,4.9
AKM,HR,11,10.6
AKM,HR,11,10.6
KN,KBRY,4,4.5
KN,KBRY,4,4.5
KN,VL,5,4.6
KN,VL,5,4.6
VNDW,MRN,15,11.7
VNDW,MRN,15,11.7
VNDW,VNDC,0,1.5
VNDW,VNDC,0,1.5
BSKS,BSK,2,1.1
BSKS,BSK,2,1.1
BSKS,WADN,2,1.4
BSKS,WADN,2,1.4
BMR,CK,10,10.2
BMR,CK,10,10.2
BMR,VLB,7,7.1
BMR,VLB,7,7.1
EST,AHZ,3,4.2
EST,AHZ,3,4.2
EST,NML,8,6.0
EST,NML,8,6.0
EST,ZA,11,9.1
EST,ZA,11,9.1
SOG,KMR,2,1.7
SOG,KMR,2,1.7
SOG,VK,3,3.2
SOG,VK,3,3.2
KW,GERP,10,10.3
KW,GERP,10,10.3
KW,MTH,1,1.2
KW,MTH,1,1.2
LAA,GV,0,1.7
LAA,GV,0,1.7
LAA,GVC,0,1.2
LAA,GVC,0,1.2
LAA,GVM,4,2.3
LAA,GVM,4,2.3
VIERS,KDUL,5,4.6
VIERS,KDUL,5,4.6
VIERS,MCGB,7,7.1
VIERS,MCGB,7,7.1
KZ,ZD,2,2.3
KZ,ZD,2,2.3
KZ,ZZS,1,1.2
KZ,ZZS,1,1.2
HZE,GP,5,4.1
HZE,GP,5,4.1
HZE,MZ,10,9.8
HZE,MZ,10,9.8
ANDD,ATWLB,5,1.9
ANDD,ATWLB,5,1.9
ANDD,LKR,6,2.3
ANDD,LKR,6,2.3
BNC,BNN,3,2.4
BNC,BNN,3,2.4
BNC,BNZ,2,1.5
BNC,BNZ,2,1.5
WWW,LTV,9,8.5
WWW,LTV,9,8.5
WWW,WW,1,1.1
WWW,WW,1,1.1
LC,GO,13,12.9
LC,GO,13,12.9
LC,ZP,17,16.0
LC,ZP,17,16.0
UST,UHZ,5,4.4
UST,UHZ,5,4.4
UST,WFM,3,3.0
UST,WFM,3,3.0
DRH,BV,6,4.2
DRH,BV,6,4.2
DRH,SPTN,0,1.0
DRH,SPTN,0,1.0
LG,EGH,2,1.9
LG,EGH,2,1.9
LG,EGHM,3,2.9
LG,EGHM,3,2.9
LG,HRL,3,3.2
LG,HRL,3,3.2
BNK,DB,4,4.4
BNK,DB,4,4.4
BNK,UTVR,7,5.3
BNK,UTVR,7,5.3
ETN,BD,11,10.2
ETN,BD,11,10.2
ETN,RSD,13,12.9
ETN,RSD,13,12.9
LM,FBR,2,1.9
LM,FBR,2,1.9
LM,LZD,3,3.0
LM,LZD,3,3.0
ALM,ALMM,0,2.0
ALM,ALMM,0,2.0
ALM,ALMP,2,1.8
ALM,ALMP,2,1.8
FVS,BRESSX,12,11.9
FVS,BRESSX,12,11.9
FVS,EDN,4,4.0
FVS,EDN,4,4.0
BNN,BNC,3,2.4
BNN,BNC,3,2.4
BNN,HVL,9,9.6
BNN,HVL,9,9.6
DRP,DEI,7,6.3
DRP,DEI,7,6.3
DRP,FN,6,5.8
DRP,FN,6,5.8
LP,APG,8,7.7
LP,APG,8,7.7
LP,STM,4,4.1
LP,STM,4,4.1
SPTZ,BLL,2,1.7
SPTZ,BLL,2,1.7
SPTZ,SPTN,2,1.6
SPTZ,SPTN,2,1.6
CPS,NWK,5,2.6
CPS,NWK,5,2.6
CPS,RTA,0,2.1
CPS,RTA,0,2.1
LS,HWOB,75,74.5
LS,HWOB,75,74.5
UTG,CAS,4,4.0
UTG,CAS,4,4.0
UTG,HK,3,3.1
UTG,HK,3,3.1
UTG,KMA,5,4.6
UTG,KMA,5,4.6
MDB,ARN,4,3.7
MDB,ARN,4,3.7
MDB,VSS,6,3.7
MDB,VSS,6,3.7
HLMS,HLM,0,2.4
HLMS,HLM,0,2.4
HLMS,HWZB,5,5.0
HLMS,HWZB,5,5.0
LW,DEI,4,4.3
LW,DEI,4,4.3
LW,GW,13,12.1
LW,GW,13,12.1
LW,LWC,3,3.4
LW,LWC,3,3.4
LW,MG,10,9.1
LW,MG,10,9.1
HBZM,GND,3,1.4
HBZM,GND,3,1.4
HBZM,SDT,1,2.6
HBZM,SDT,1,2.6
BNZ,BNC,2,1.5
BNZ,BNC,2,1.5
BNZ,LTN,5,5.1
BNZ,LTN,5,5.1
UTM,BHV,9,6.8
UTM,BHV,9,6.8
UTO,BHV,6,5.8
UTO,BHV,6,5.8
UTO,HOR,9,8.4
UTO,HOR,9,8.4
UTO,UT,3,2.5
UTO,UT,3,2.5
FWD,DWE,3,3.4
FWD,DWE,3,3.4
FWD,HDG,4,4.0
FWD,HDG,4,4.0
KDUL,KBOI,5,4.8
KDUL,KBOI,5,4.8
KDUL,VIERS,5,4.6
KDUL,VIERS,5,4.6
MA,MGZB,46,46.0
MA,MGZB,46,46.0
MA,MUNCHH,56,55.8
MA,MUNCHH,56,55.8
MA,NURNB,121,120.9
MA,NURNB,121,120.9
UTT,UTLR,2,1.5
UTT,UTLR,2,1.5
UTT,VTN,2,2.5
UTT,VTN,2,2.5
AMF,AMFS,3,3.3
AMF,AMFS,3,3.3
AMF,BRN,9,8.6
AMF,BRN,9,8.6
AMF,DLD,9,8.8
AMF,DLD,9,8.8
AMF,HVL,7,6.1
AMF,HVL,7,6.1
MG,LW,10,9.1
MG,LW,10,9.1
MG,SKND,11,10.4
MG,SKND,11,10.4
EUN,EBEO,8,7.9
EUN,EBEO,8,7.9
EUN,EHZW,6,6.4
EUN,EHZW,6,6.4
AML,AMRI,2,2.0
AML,AMRI,2,2.0
AML,VZ,6,6.1
AML,VZ,6,6.1
AML,WDN,5,4.2
AML,WDN,5,4.2
BSMZ,HVSM,6,3.2
BSMZ,HVSM,6,3.2
BSMZ,NDB,0,1.7
BSMZ,NDB,0,1.7
MP,HGV,20,19.2
MP,HGV,20,19.2
MP,SWK,14,12.5
MP,SWK,14,12.5
MP,ZL,28,21.9
MP,ZL,28,21.9
AMR,AMRN,0,1.8
AMR,AMRN,0,1.8
AMR,HLO,5,5.0
AMR,HLO,5,5.0
FFFM,FFS,2,1.8
FFFM,FFS,2,1.8
FFFM,FNAF,9,9.0
FFFM,FNAF,9,9.0
FFFM,KARLSR,140,125.3
FFFM,KARLSR,140,125.3
FFFM,MANNHE,71,71.2
FFFM,MANNHE,71,71.2
FFFM,TS,156,151.8
FFFM,TS,156,151.8
LEUVEN,BRUSN,30,25.0
LEUVEN,BRUSN,30,25.0
LEUVEN,LUIK,55,66.3
LEUVEN,LUIK,55,66.3
MT,BDE,6,5.6
MT,BDE,6,5.6
MT,MTN,2,2.4
MT,MTN,2,2.4
MT,MTR,0,1.5
MT,MTR,0,1.5
BDPB,BD,5,4.3
BDPB,BD,5,4.3
BDPB,RLB,31,33.1
BDPB,RLB,31,33.1
BDPB,ZLW,10,10.2
BDPB,ZLW,10,10.2
MZ,HZE,10,9.8
MZ,HZE,10,9.8
MZ,WT,7,8.1
MZ,WT,7,8.1
SPTN,DRH,0,1.0
SPTN,DRH,0,1.0
SPTN,SPTZ,2,1.6
SPTN,SPTZ,2,1.6
DTC,DTCH,2,2.5
DTC,DTCH,2,2.5
DTC,GDR,5,4.7
DTC,GDR,5,4.7
NA,DLN,7,6.7
NA,DLN,7,6.7
NA,EMNZ,5,3.8
NA,EMNZ,5,3.8
ANA,HDRZ,12,7.9
ANA,HDRZ,12,7.9
ANA,SGN,9,9.2
ANA,SGN,9,9.2
MES,MTN,3,2.7
MES,MTN,3,2.7
MES,SGL,3,3.4
MES,SGL,3,3.4
NH,HB,3,3.1
NH,HB,3,3.1
NH,SN,3,2.5
NH,SN,3,2.5
UTVR,BNK,7,5.3
UTVR,BNK,7,5.3
UTVR,UT,1,1.4
UTVR,UT,1,1.4
UTVR,UTLN,3,2.1
UTVR,UTLN,3,2.1
NM,NMGO,3,2.7
NM,NMGO,3,2.7
NM,NMH,3,2.1
NM,NMH,3,2.1
NM,NML,0,2.2
NM,NML,0,2.2
NDKP,ATWLB,19,19.2
NDKP,ATWLB,19,19.2
NDKP,BD,28,28.3
NDKP,BD,28,28.3
NDKP,RLB,59,58.5
NDKP,RLB,59,58.5
EABG,ENBE,6,6.5
EABG,ENBE,6,6.5
EABG,ENOW,3,3.1
EABG,ENOW,3,3.1
DUISB,DUSSEL,23,23.3
DUISB,DUSSEL,23,23.3
DUISB,OBERH,7,7.3
DUISB,OBERH,7,7.3
KOLN,BONN,24,25.4
KOLN,BONN,24,25.4
KOLN,KKD,1,1.2
KOLN,KKD,1,1.2
KOLN,KKW,4,1.7
KOLN,KKW,4,1.7
NS,HD,12,11.8
NS,HD,12,11.8
NS,HDE,9,8.5
NS,HDE,9,8.5
TPSW,GDM,10,8.4
TPSW,GDM,10,8.4
TPSW,TL,2,2.7
TPSW,TL,2,2.7
KBD,KRG,7,6.6
KBD,KRG,7,6.6
KBD,RB,3,3.3
KBD,RB,3,3.3
SRN,EC,5,4.5
SRN,EC,5,4.5
SRN,STD,7,6.6
SRN,STD,7,6.6
KPNZ,DRON,13,13.0
KPNZ,DRON,13,13.0
KPNZ,ZL,12,12.5
KPNZ,ZL,12,12.5
FNZD,BERCH,2,3.0
FNZD,BERCH,2,3.0
FNZD,FOE,3,3.4
FNZD,FOE,3,3.4
FNZD,LZD,5,4.6
FNZD,LZD,5,4.6
LDM,AKL,7,7.2
LDM,AKL,7,7.2
LDM,BSD,7,7.1
LDM,BSD,7,7.1
KBK,APDM,8,6.4
KBK,APDM,8,6.4
KBK,VEM,5,4.7
KBK,VEM,5,4.7
LDL,APN,15,11.6
LDL,APN,15,11.6
LDL,LEDN,0,2.3
LDL,LEDN,0,2.3
FKTH,GKT,1,1.4
FKTH,GKT,1,1.4
FKTH,GWD,4,4.1
FKTH,GWD,4,4.1
OP,HMN,3,2.5
OP,HMN,3,2.5
OP,KTR,4,3.7
OP,KTR,4,3.7
OT,BTL,9,8.6
OT,BTL,9,8.6
OT,TB,8,8.0
OT,TB,8,8.0
AMFS,AMF,3,3.3
AMFS,AMF,3,3.3
AMFS,AVAT,3,2.9
AMFS,AVAT,3,2.9
OW,O,0,2.0
OW,O,0,2.0
OW,RS,12,10.6
OW,RS,12,10.6
SSH,LEDN,8,6.0
SSH,LEDN,8,6.0
SSH,NVP,11,10.0
SSH,NVP,11,10.0
ESEB,EBOK,3,2.6
ESEB,EBOK,3,2.6
ESEB,ESEM,2,1.7
ESEB,ESEM,2,1.7
PARIS,BRUSZ,260,259.8
PARIS,BRUSZ,260,259.8
DVNK,LEDN,3,2.7
DVNK,LEDN,3,2.7
DVNK,VST,2,2.9
DVNK,VST,2,2.9
DVC,DV,4,3.8
DVC,DV,4,3.8
DVC,HON,15,14.5
DVC,HON,15,14.5
DVD,ASA,2,2.9
DVD,ASA,2,2.9
DVD,ASB,2,1.4
DVD,ASB,2,1.4
DVD,DMNZ,2,1.5
DVD,DMNZ,2,1.5
DVD,RAI,4,3.5
DVD,RAI,4,3.5
PMO,HN,19,16.0
PMO,HN,19,16.0
PMO,PMR,0,1.4
PMO,PMR,0,1.4
PMR,PMO,0,1.4
PMR,PMO,0,1.4
PMR,PMW,1,1.4
PMR,PMW,1,1.4
APD,APDM,1,2.1
APD,APDM,1,2.1
APD,APDO,3,2.4
APD,APDO,3,2.4
APD,HVL,35,35.3
APD,HVL,35,35.3
BRD,RLB,4,3.2
BRD,RLB,4,3.2
BRD,ZWD,7,7.5
BRD,ZWD,7,7.5
ESEM,ELDH,6,6.2
ESEM,ELDH,6,6.2
ESEM,ESEB,2,1.7
ESEM,ESEB,2,1.7
APG,DZW,3,3.1
APG,DZW,3,3.1
APG,LP,8,7.7
APG,LP,8,7.7
PMW,PMR,1,1.4
PMW,PMR,1,1.4
PMW,ZDK,10,9.0
PMW,ZDK,10,9.0
KBRY,KBOI,3,3.2
KBRY,KBOI,3,3.2
KBRY,KN,4,4.5
KBRY,KN,4,4.5
DVN,WTV,4,3.8
DVN,WTV,4,3.8
DVN,ZV,5,4.5
DVN,ZV,5,4.5
APN,BDG,8,7.7
APN,BDG,8,7.7
APN,BSK,6,5.2
APN,BSK,6,5.2
APN,LDL,15,11.6
APN,LDL,15,11.6
BRN,AMF,9,8.6
BRN,AMF,9,8.6
BRN,HVS,7,7.0
BRN,HVS,7,7.0
BRN,SD,5,3.0
BRN,SD,5,3.0
STD,GLN,4,4.0
STD,GLN,4,4.0
STD,LUT,4,3.7
STD,LUT,4,3.7
STD,SRN,7,6.6
STD,SRN,7,6.6
PT,EML,5,4.9
PT,EML,5,4.9
PT,NKK,7,7.3
PT,NKK,7,7.3
AIXTGV,AVTGV,67,69.1
AIXTGV,AVTGV,67,69.1
AIXTGV,MARS,18,24.9
AIXTGV,MARS,18,24.9
EBFT,EGRK,4,4.2
EBFT,EGRK,4,4.2
EBFT,EMTE,5,5.4
EBFT,EMTE,5,5.4
STM,BDM,7,6.6
STM,BDM,7,6.6
STM,LP,4,4.1
STM,LP,4,4.1
ASSP,ASDM,1,1.2
ASSP,ASDM,1,1.2
ASSP,DMN,2,1.8
ASSP,DMN,2,1.8
BSD,GDM,7,5.6
BSD,GDM,7,5.6
BSD,LDM,7,7.1
BSD,LDM,7,7.1
DWE,BP,7,7.4
DWE,BP,7,7.4
DWE,FWD,3,3.4
DWE,FWD,3,3.4
STV,KMW,4,3.9
STV,KMW,4,3.9
KSWE,EENP,4,4.1
KSWE,EENP,4,4.1
KSWE,KWO,5,5.1
KSWE,KWO,5,5.1
EDKD,EDD,3,2.6
EDKD,EDD,3,2.6
EDKD,EDO,5,4.8
EDKD,EDO,5,4.8
STZ,DLD,7,5.0
STZ,DLD,7,5.0
STZ,ST,0,1.0
STZ,ST,0,1.0
BSPD,BERHBL,12,11.6
BSPD,BERHBL,12,11.6
BOURG,LANDRY,6,5.8
BOURG,LANDRY,6,5.8
BSK,APN,6,5.2
BSK,APN,6,5.2
BSK,BSKS,2,1.1
BSK,BSKS,2,1.1
RSD,BGN,13,12.4
RSD,BGN,13,12.4
RSD,ESN,9,8.7
RSD,ESN,9,8.7
RSD,ETN,13,12.9
RSD,ETN,13,12.9
RSD,ODB,7,7.4
RSD,ODB,7,7.4
ZBM,GDM,9,8.3
ZBM,GDM,9,8.3
ZBM,HT,13,13.3
ZBM,HT,13,13.3
EBEO,EUN,8,7.9
EBEO,EUN,8,7.9
EBEO,HAMM,10,9.6
EBEO,HAMM,10,9.6
SKND,MG,11,10.4
SKND,MG,11,10.4
SKND,SK,1,1.2
SKND,SK,1,1.2
TWL,APDO,7,6.9
TWL,APDO,7,6.9
TWL,DV,5,4.8
TWL,DV,5,4.8
MID,GKT,2,1.6
MID,GKT,2,1.6
MID,LKP,6,6.0
MID,LKP,6,6.0
NURNB,MA,121,120.9
NURNB,MA,121,120.9
NURNB,REGENB,89,88.2
NURNB,REGENB,89,88.2
NURNB,WURZB,92,91.6
NURNB,WURZB,92,91.6
RSN,HON,7,7.5
RSN,HON,7,7.5
RSN,WDN,8,7.3
RSN,WDN,8,7.3
NKK,AVAT,5,5.2
NKK,AVAT,5,5.2
NKK,PT,7,7.3
NKK,PT,7,7.3
LGL,FTG,6,5.8
LGL,FTG,6,5.8
LGL,LSL,6,6.2
LGL,LSL,6,6.2
RB,BGN,16,12.2
RB,BGN,16,12.2
RB,KBD,3,3.3
RB,KBD,3,3.3
WORGL,JENBAC,57,24.1
WORGL,JENBAC,57,24.1
WORGL,KUFST,28,12.9
WORGL,KUFST,28,12.9
OMN,DL,11,10.7
OMN,DL,11,10.7
OMN,MRB,11,10.8
OMN,MRB,11,10.8
RD,EEM,7,6.4
RD,EEM,7,6.4
RD,UHM,3,2.7
RD,UHM,3,2.7
RF,BASELB,51,50.9
RF,BASELB,51,50.9
RF,RO,54,53.8
RF,RO,54,53.8
RH,DR,6,6.3
RH,DR,6,6.3
RH,VP,4,3.9
RH,VP,4,3.9
UTZL,MAS,5,5.3
UTZL,MAS,5,5.3
UTZL,UT,2,2.1
UTZL,UT,2,2.1
RSW,DT,5,4.5
RSW,DT,5,4.5
RSW,GVMW,2,1.7
RSW,GVMW,2,1.7
RL,LTV,13,12.7
RL,LTV,13,12.7
RL,VD,10,9.5
RL,VD,10,9.5
BTL,BET,10,9.6
BTL,BET,10,9.6
BTL,OT,9,8.6
BTL,OT,9,8.6
BTL,VG,8,8.1
BTL,VG,8,8.1
CVM,EGH,2,1.9
CVM,EGH,2,1.9
CVM,KRD,2,1.6
CVM,KRD,2,1.6
RM,EC,13,13.1
RM,EC,13,13.1
RM,SM,5,5.4
RM,SM,5,5.4
RM,WT,24,21.2
RM,WT,24,21.2
ARN,GS,15,15.3
ARN,GS,15,15.3
ARN,MDB,4,3.7
ARN,MDB,4,3.7
RO,RF,54,53.8
RO,RF,54,53.8
RTA,CPS,0,2.1
RTA,CPS,0,2.1
RTA,RTN,5,5.0
RTA,RTN,5,5.0
RS,HTO,7,3.8
RS,HTO,7,3.8
RS,OW,12,10.6
RS,OW,12,10.6
RTB,RTD,0,1.5
RTB,RTD,0,1.5
RTB,RTZ,4,2.3
RTB,RTZ,4,2.3
EENP,HAGEN,10,10.4
EENP,HAGEN,10,10.4
EENP,KSWE,4,4.1
EENP,KSWE,4,4.1
RTD,HFD,42,43.9
RTD,HFD,42,43.9
RTD,RTB,0,1.5
RTD,RTB,0,1.5
RTD,RTN,5,2.1
RTD,RTN,5,2.1
RTD,SDM,4,4.1
RTD,SDM,4,4.1
OEYNH,BUENDE,16,15.2
OEYNH,BUENDE,16,15.2
OEYNH,MINDEN,13,13.3
OEYNH,MINDEN,13,13.3
RV,SM,6,6.2
RV,SM,6,6.2
RV,TG,7,7.6
RV,TG,7,7.6
WESEL,OBERHS,22,21.9
WESEL,OBERHS,22,21.9
WUPPV,DUSSEL,24,19.5
WUPPV,DUSSEL,24,19.5
WUPPV,WUPPH,8,5.8
WUPPV,WUPPH,8,5.8
RTN,RTA,5,5.0
RTN,RTA,5,5.0
RTN,RTD,5,2.1
RTN,RTD,5,2.1
ASA,ASDM,2,1.8
ASA,ASDM,2,1.8
ASA,DVD,2,2.9
ASA,DVD,2,2.9
ASB,ASHD,1,1.8
ASB,ASHD,1,1.8
ASB,DVD,2,1.4
ASB,DVD,2,1.4
ASB,RAI,6,4.7
ASB,RAI,6,4.7
SD,BRN,5,3.0
SD,BRN,5,3.0
SD,ST,0,1.3
SD,ST,0,1.3
ASD,ASDM,4,2.9
ASD,ASDM,4,2.9
ASD,ASS,4,4.4
ASD,ASS,4,4.4
LHS,BLTM,4,3.9
LHS,BLTM,4,3.9
LHS,FLGP,4,4.0
LHS,FLGP,4,4.0
SK,IJT,3,3.2
SK,IJT,3,3.2
SK,SKND,1,1.2
SK,SKND,1,1.2
RTZ,RTB,4,2.3
RTZ,RTB,4,2.3
RTZ,RTST,0,1.3
RTZ,RTST,0,1.3
SM,RM,5,5.4
SM,RM,5,5.4
SM,RV,6,6.2
SM,RV,6,6.2
SN,NH,3,2.5
SN,NH,3,2.5
SN,SBK,2,1.7
SN,SBK,2,1.7
WUPPH,EDO,36,36.4
WUPPH,EDO,36,36.4
WUPPH,KKD,38,36.9
WUPPH,KKD,38,36.9
WUPPH,KWBA,4,3.5
WUPPH,KWBA,4,3.5
WUPPH,WUPPV,8,5.8
WUPPH,WUPPV,8,5.8
ASN,BL,16,15.6
ASN,BL,16,15.6
ASN,HRN,22,20.7
ASN,HRN,22,20.7
ZDK,PMW,10,9.0
ZDK,PMW,10,9.0
ZDK,ZD,3,2.0
ZDK,ZD,3,2.0
ASS,ASD,4,4.4
ASS,ASD,4,4.4
ASS,ASDL,3,3.5
ASS,ASDL,3,3.5
ASS,HWZB,7,6.2
ASS,HWZB,7,6.2
ASS,ZD,6,5.8
ASS,ZD,6,5.8
SWD,BDM,4,3.9
SWD,BDM,4,3.9
SWD,GNN,7,6.9
SWD,GNN,7,6.9
SWD,WSM,5,4.5
SWD,WSM,5,4.5
ST,SD,0,1.3
ST,SD,0,1.3
ST,STZ,0,1.0
ST,STZ,0,1.0
NMD,NMGO,2,1.9
NMD,NMGO,2,1.9
NMD,WC,4,4.7
NMD,WC,4,4.7
EBGO,EGRK,1,1.6
EBGO,EGRK,1,1.6
EBGO,ENOW,6,6.3
EBGO,ENOW,6,6.3
MGZB,MA,46,46.0
MGZB,MA,46,46.0
MGZB,TU,23,22.9
MGZB,TU,23,22.9
SWK,MP,14,12.5
SWK,MP,14,12.5
SWK,WV,13,12.4
SWK,WV,13,12.4
NMH,MMLH,7,6.8
NMH,MMLH,7,6.8
NMH,NM,3,2.1
NMH,NM,3,2.1
HAD,HIL,7,6.9
HAD,HIL,7,6.9
HAD,HLM,4,3.8
HAD,HLM,4,3.8
NML,EST,8,6.0
NML,EST,8,6.0
NML,NM,0,2.2
NML,NM,0,2.2
TB,HT,22,20.5
TB,HT,22,20.5
TB,OT,8,8.0
TB,OT,8,8.0
TB,TBU,0,2.3
TB,TBU,0,2.3
TG,RV,7,7.6
TG,RV,7,7.6
TG,VL,5,3.5
TG,VL,5,3.5
ZTMO,LLZM,2,1.7
ZTMO,LLZM,2,1.7
ZTMO,ZTM,0,1.1
ZTMO,ZTM,0,1.1
TL,KTR,12,12.0
TL,KTR,12,12.0
TL,TPSW,2,2.7
TL,TPSW,2,2.7
ATN,VSV,9,8.4
ATN,VSV,9,8.4
ATN,WW,12,10.7
ATN,WW,12,10.7
EGRK,EBFT,4,4.2
EGRK,EBFT,4,4.2
EGRK,EBGO,1,1.6
EGRK,EBGO,1,1.6
TP,TGO,18,17.7
TP,TGO,18,17.7
TP,TS,19,18.6
TP,TS,19,18.6
TS,FFFM,156,151.8
TS,FFFM,156,151.8
TS,KARLSR,62,61.7
TS,KARLSR,62,61.7
TS,MANNHE,93,93.1
TS,MANNHE,93,93.1
TS,TP,19,18.6
TS,TP,19,18.6
DZW,APG,3,3.1
DZW,APG,3,3.1
DZW,DZ,1,1.2
DZW,DZ,1,1.2
TU,MGZB,23,22.9
TU,MGZB,23,22.9
ATW,ATWLB,4,3.1
ATW,ATWLB,4,3.1
ATW,BERCH,4,2.2
ATW,BERCH,4,2.2
EAHS,EEPE,11,11.6
EAHS,EEPE,11,11.6
EAHS,ELGD,7,7.0
EAHS,ELGD,7,7.0
KWBA,KWO,2,1.9
KWBA,KWO,2,1.9
KWBA,WUPPH,4,3.5
KWBA,WUPPH,4,3.5
ENBE,EABG,6,6.5
ENBE,EABG,6,6.5
ENBE,ENHF,7,6.7
ENBE,ENHF,7,6.7
MARIA,LKP,2,2.5
MARIA,LKP,2,2.5
MARIA,LKR,3,1.1
MARIA,LKR,3,1.1
RVS,O,8,7.8
RVS,O,8,7.8
RVS,WC,7,6.8
RVS,WC,7,6.8
ECMF,EHW,7,7.3
ECMF,EHW,7,7.3
ECMF,ELET,5,5.4
ECMF,ELET,5,5.4
HGLG,DDN,3,3.9
HGLG,DDN,3,3.9
HGLG,HGL,2,1.4
HGLG,HGL,2,1.4
BADENZ,BASELS,55,54.5
BADENZ,BASELS,55,54.5
BADENZ,ZUE,21,20.6
BADENZ,ZUE,21,20.6
UT,UTLR,3,3.3
UT,UTLR,3,3.3
UT,UTO,3,2.5
UT,UTO,3,2.5
UT,UTVR,1,1.4
UT,UTVR,1,1.4
UT,UTZL,2,2.1
UT,UTZL,2,2.1
BRESSX,FVS,12,11.9
BRESSX,FVS,12,11.9
BRESSX,LUIK,3,3.8
BRESSX,LUIK,3,3.8
JENBAC,INNSB,32,31.7
JENBAC,INNSB,32,31.7
JENBAC,WORGL,57,24.1
JENBAC,WORGL,57,24.1
VB,GVC,3,2.8
VB,GVC,3,2.8
VB,YPB,4,2.6
VB,YPB,4,2.6
VD,RL,10,9.5
VD,RL,10,9.5
VD,ZP,12,9.4
VD,ZP,12,9.4
LKM,FOE,5,5.2
LKM,FOE,5,5.2
LKM,SCHLL,2,1.2
LKM,SCHLL,2,1.2
LKP,MARIA,2,2.5
LKP,MARIA,2,2.5
LKP,MID,6,6.0
LKP,MID,6,6.0
VG,BTL,8,8.1
VG,BTL,8,8.1
VG,HT,4,3.9
VG,HT,4,3.9
LKR,ANDD,6,2.3
LKR,ANDD,6,2.3
LKR,MARIA,3,1.1
LKR,MARIA,3,1.1
VH,HIL,10,10.3
VH,HIL,10,10.3
VH,LEDN,8,6.5
VH,LEDN,8,6.5
EEPE,EAHS,11,11.6
EEPE,EAHS,11,11.6
EEPE,G,4,3.6
EEPE,G,4,3.6
VK,SGL,3,2.5
VK,SGL,3,2.5
VK,SOG,3,3.2
VK,SOG,3,3.2
VL,BR,2,1.6
VL,BR,2,1.6
VL,KN,5,4.6
VL,KN,5,4.6
VL,TG,5,3.5
VL,TG,5,3.5
VP,AHPR,3,2.6
VP,AHPR,3,2.6
VP,RH,4,3.9
VP,RH,4,3.9
OSNH,BUENDE,40,35.7
OSNH,BUENDE,40,35.7
OSNH,MUNST,50,45.6
OSNH,MUNST,50,45.6
OSNH,RHEINE,43,42.7
OSNH,RHEINE,43,42.7
WAD,WADN,0,1.2
WAD,WADN,0,1.2
WAD,WADT,1,1.9
WAD,WADT,1,1.9
VS,VSS,0,2.1
VS,VSS,0,2.1
LLB,FSN,5,4.5
LLB,FSN,5,4.5
LLB,LSW,2,1.6
LLB,LSW,2,1.6
NMGO,NM,3,2.7
NMGO,NM,3,2.7
NMGO,NMD,2,1.9
NMGO,NMD,2,1.9
VZ,AML,6,6.1
VZ,AML,6,6.1
VZ,DA,5,4.6
VZ,DA,5,4.6
HDB,GBG,6,5.2
HDB,GBG,6,5.2
HDB,MRB,8,7.9
HDB,MRB,8,7.9
HDE,NS,9,8.5
HDE,NS,9,8.5
HDE,WZ,9,8.9
HDE,WZ,9,8.9
HDG,FWD,4,4.0
HDG,FWD,4,4.0
HDG,LWC,7,6.4
HDG,LWC,7,6.4
WC,NMD,4,4.7
WC,NMD,4,4.7
WC,RVS,7,6.8
WC,RVS,7,6.8
DRON,KPNZ,13,13.0
DRON,KPNZ,13,13.0
DRON,LLS,17,17.0
DRON,LLS,17,17.0
FNAF,FFFM,9,9.0
FNAF,FFFM,9,9.0
FNAF,FLB,50,49.8
FNAF,FLB,50,49.8
FNAF,FMZ,23,23.0
FNAF,FMZ,23,23.0
FNAF,MANNHE,64,64.2
FNAF,MANNHE,64,64.2
GBG,CO,7,7.3
GBG,CO,7,7.3
GBG,HDB,6,5.2
GBG,HDB,6,5.2
WD,BDG,11,10.1
WD,BDG,11,10.1
WD,BKL,19,11.7
WD,BKL,19,11.7
WD,GDG,13,13.0
WD,GDG,13,13.0
WD,VTN,9,8.0
WD,VTN,9,8.0
WF,ED,9,8.6
WF,ED,9,8.6
WF,OTB,4,3.4
WF,OTB,4,3.4
WH,OST,7,6.5
WH,OST,7,6.5
WH,ZL,14,13.1
WH,ZL,14,13.1
BONN,KKO,55,54.8
BONN,KKO,55,54.8
BONN,KOLN,24,25.4
BONN,KOLN,24,25.4
LLS,ALMO,16,16.5
LLS,ALMO,16,16.5
LLS,DRON,17,17.0
LLS,DRON,17,17.0
WK,HNP,4,3.7
WK,HNP,4,3.7
WK,IJT,13,11.7
WK,IJT,13,11.7
WL,DID,6,6.2
WL,DID,6,6.2
WL,DTCH,3,3.2
WL,DTCH,3,3.2
BERCH,ATW,4,2.2
BERCH,ATW,4,2.2
BERCH,FNZD,2,3.0
BERCH,FNZD,2,3.0
BERCH,MECH,21,20.5
BERCH,MECH,21,20.5
GBR,ESE,3,1.6
GBR,ESE,3,1.6
GBR,G,3,3.3
GBR,G,3,3.3
WM,KMA,2,2.7
WM,KMA,2,2.7
WM,ZZS,3,2.4
WM,ZZS,3,2.4
HDR,HDRZ,0,2.5
HDR,HDRZ,0,2.5
WP,AMPO,9,8.1
WP,AMPO,9,8.1
WP,DMN,7,6.3
WP,DMN,7,6.3
WP,DMNZ,7,6.2
WP,DMNZ,7,6.2
WP,NDB,9,8.5
WP,NDB,9,8.5
WBF,POLTEN,54,55.6
WBF,POLTEN,54,55.6
WR,LEER,15,11.1
WR,LEER,15,11.1
WR,NSCH,10,9.9
WR,NSCH,10,9.9
WS,NSCH,12,12.0
WS,NSCH,12,12.0
WS,SDA,5,4.8
WS,SDA,5,4.8
WT,MZ,7,8.1
WT,MZ,7,8.1
WT,RM,24,21.2
WT,RM,24,21.2
DDRS,DDR,3,3.4
DDRS,DDR,3,3.4
DDRS,SDTB,4,3.6
DDRS,SDTB,4,3.6
WV,HRY,10,7.3
WV,HRY,10,7.3
WV,SWK,13,12.4
WV,SWK,13,12.4
WW,ATN,12,10.7
WW,ATN,12,10.7
WW,WWW,1,1.1
WW,WWW,1,1.1
HGLO,HGL,2,1.9
HGLO,HGL,2,1.9
HGLO,ODZ,9,8.9
HGLO,ODZ,9,8.9
WZ,HDE,9,8.9
WZ,HDE,9,8.9
WZ,ZL,9,8.3
WZ,ZL,9,8.3
KKD,DUSSEL,34,33.6
KKD,DUSSEL,34,33.6
KKD,KOLN,1,1.2
KKD,KOLN,1,1.2
KKD,KSB,22,22.9
KKD,KSB,22,22.9
KKD,WUPPH,38,36.9
KKD,WUPPH,38,36.9
KKO,BONN,55,54.8
KKO,BONN,55,54.8
KKO,FMZ,62,61.6
KKO,FMZ,62,61.6
OBERH,DUISB,7,7.3
OBERH,DUISB,7,7.3
OBERH,OBERHS,4,4.2
OBERH,OBERHS,4,4.2
OST,DV,10,9.2
OST,DV,10,9.2
OST,WH,7,6.5
OST,WH,7,6.5
BZL,GS,5,4.9
BZL,GS,5,4.9
BZL,KRG,6,5.9
BZL,KRG,6,5.9
KKW,KKERP,2,1.5
KKW,KKERP,2,1.5
KKW,KOLN,4,1.7
KKW,KOLN,4,1.7
MARS,AIXTGV,18,24.9
MARS,AIXTGV,18,24.9
GVMW,GV,2,2.0
GVMW,GV,2,2.0
GVMW,RSW,2,1.7
GVMW,RSW,2,1.7
OTB,AH,4,4.2
OTB,AH,4,4.2
OTB,WF,4,3.4
OTB,WF,4,3.4
EHZW,ESRT,8,8.1
EHZW,ESRT,8,8.1
EHZW,EUN,6,6.4
EHZW,EUN,6,6.4
HWOB,HANN,72,71.2
HWOB,HANN,72,71.2
HWOB,LS,75,74.5
HWOB,LS,75,74.5
LNI,FMB,3,2.8
LNI,FMB,3,2.8
LNI,SCHLL,1,1.6
LNI,SCHLL,1,1.6
HFD,NVP,5,5.4
HFD,NVP,5,5.4
HFD,RTD,42,43.9
HFD,RTD,42,43.9
HFD,SHL,5,4.5
HFD,SHL,5,4.5
GDG,GD,3,2.5
GDG,GD,3,2.5
GDG,WD,13,13.0
GDG,WD,13,13.0
KLP,ED,7,7.1
KLP,ED,7,7.1
KLP,MRN,14,14.1
KLP,MRN,14,14.1
ALMP,ALM,2,1.8
ALMP,ALM,2,1.8
ALMP,ALMB,4,3.0
ALMP,ALMB,4,3.0
GDM,BSD,7,5.6
GDM,BSD,7,5.6
GDM,CL,8,7.7
GDM,CL,8,7.7
GDM,TPSW,10,8.4
GDM,TPSW,10,8.4
GDM,ZBM,9,8.3
GDM,ZBM,9,8.3
GDP,FHS,7,6.8
GDP,FHS,7,6.8
GDP,FIE,8,7.8
GDP,FIE,8,7.8
ALMO,ALMB,2,1.8
ALMO,ALMB,2,1.8
ALMO,LLS,16,16.5
ALMO,LLS,16,16.5
GDR,DTC,5,4.7
GDR,DTC,5,4.7
GDR,TBG,1,1.4
GDR,TBG,1,1.4
ALMM,ALM,0,2.0
ALMM,ALM,0,2.0
ALMM,AMPO,3,3.8
ALMM,AMPO,3,3.8
FBR,FNU,6,5.7
FBR,FNU,6,5.7
FBR,LM,2,1.9
FBR,LM,2,1.9
EBOK,ELUE,8,7.7
EBOK,ELUE,8,7.7
EBOK,ESEB,3,2.6
EBOK,ESEB,3,2.6
ALMB,ALMO,2,1.8
ALMB,ALMO,2,1.8
ALMB,ALMP,4,3.0
ALMB,ALMP,4,3.0
KMA,UTG,5,4.6
KMA,UTG,5,4.6
KMA,WM,2,2.7
KMA,WM,2,2.7
WDN,AML,5,4.2
WDN,AML,5,4.2
WDN,NVD,8,8.8
WDN,NVD,8,8.8
WDN,RSN,8,7.3
WDN,RSN,8,7.3
ROSENH,KUFST,30,29.9
ROSENH,KUFST,30,29.9
ROSENH,MUNCHH,53,52.8
ROSENH,MUNCHH,53,52.8
ZA,EST,11,9.1
ZA,EST,11,9.1
ZA,HMN,3,3.4
ZA,HMN,3,3.4
ZB,HGZ,8,6.5
ZB,HGZ,8,6.5
ZB,SDA,8,7.4
ZB,SDA,8,7.4
ZB,VDM,8,6.4
ZB,VDM,8,6.4
MUNCHH,MA,56,55.8
MUNCHH,MA,56,55.8
MUNCHH,ROSENH,53,52.8
MUNCHH,ROSENH,53,52.8
MUNCHH,WURZB,247,219.4
MUNCHH,WURZB,247,219.4
ZD,ASDL,9,9.1
ZD,ASDL,9,9.1
ZD,ASS,6,5.8
ZD,ASS,6,5.8
ZD,KZ,2,2.3
ZD,KZ,2,2.3
ZD,ZDK,3,2.0
ZD,ZDK,3,2.0
HGL,BN,5,5.2
HGL,BN,5,5.2
HGL,ESK,4,4.1
HGL,ESK,4,4.1
HGL,HGLG,2,1.4
HGL,HGLG,2,1.4
HGL,HGLO,2,1.9
HGL,HGLO,2,1.9
MARNE,ACDG,22,21.6
MARNE,ACDG,22,21.6
ZH,GK,7,6.5
ZH,GK,7,6.5
ZH,GN,12,11.4
ZH,GN,12,11.4
KMR,SOG,2,1.7
KMR,SOG,2,1.7
KMR,VDL,4,3.6
KMR,VDL,4,3.6
ZL,DL,12,11.3
ZL,DL,12,11.3
ZL,HNO,12,12.3
ZL,HNO,12,12.3
ZL,KPNZ,12,12.5
ZL,KPNZ,12,12.5
ZL,MP,28,21.9
ZL,MP,28,21.9
ZL,WH,14,13.1
ZL,WH,14,13.1
ZL,WZ,9,8.3
ZL,WZ,9,8.3
ZL,ZLSH,5,3.7
ZL,ZLSH,5,3.7
KMW,HNP,5,4.9
KMW,HNP,5,4.9
KMW,STV,4,3.9
KMW,STV,4,3.9
AMPO,ALMM,3,3.8
AMPO,ALMM,3,3.8
AMPO,NDB,7,7.0
AMPO,NDB,7,7.0
AMPO,WP,9,8.1
AMPO,WP,9,8.1
KUFST,ROSENH,30,29.9
KUFST,ROSENH,30,29.9
KUFST,WORGL,28,12.9
KUFST,WORGL,28,12.9
AVAT,AMFS,3,2.9
AVAT,AMFS,3,2.9
AVAT,NKK,5,5.2
AVAT,NKK,5,5.2
HGV,BL,14,13.8
HGV,BL,14,13.8
HGV,MP,20,19.2
HGV,MP,20,19.2
ZP,BMN,7,6.8
ZP,BMN,7,6.8
ZP,DV,16,12.7
ZP,DV,16,12.7
ZP,LC,17,16.0
ZP,LC,17,16.0
ZP,VD,12,9.4
ZP,VD,12,9.4
ZP,VEM,4,3.7
ZP,VEM,4,3.7
MMLH,CK,4,4.4
MMLH,CK,4,4.4
MMLH,NMH,7,6.8
MMLH,NMH,7,6.8
HGZ,MTH,2,2.0
HGZ,MTH,2,2.0
HGZ,ZB,8,6.5
HGZ,ZB,8,6.5
MRB,HDB,8,7.9
MRB,HDB,8,7.9
MRB,OMN,11,10.8
MRB,OMN,11,10.8
MRB,VHP,6,5.8
MRB,VHP,6,5.8
ZV,DID,5,4.3
ZV,DID,5,4.3
ZV,DVN,5,4.5
ZV,DVN,5,4.5
ZV,EL,8,7.8
ZV,EL,8,7.8
OVN,HLM,2,2.2
OVN,HLM,2,2.2
OVN,ZVT,6,5.3
OVN,ZVT,6,5.3
BHDV,GND,3,2.9
BHDV,GND,3,2.9
BHDV,GR,6,6.2
BHDV,GR,6,6.2
ENHF,ENBE,7,6.7
ENHF,ENBE,7,6.7
ENHF,MUNST,3,3.1
ENHF,MUNST,3,3.1
ENHF,RHEINE,35,35.3
ENHF,RHEINE,35,35.3
MRN,DB,8,7.6
MRN,DB,8,7.6
MRN,KLP,14,14.1
MRN,KLP,14,14.1
MRN,VNDW,15,11.7
MRN,VNDW,15,11.7
ALBERT,CHAMB,38,37.8
ALBERT,CHAMB,38,37.8
ALBERT,MOUT,23,23.7
ALBERT,MOUT,23,23.7
ELDH,EDULH,12,11.9
ELDH,EDULH,12,11.9
ELDH,ESEM,6,6.2
ELDH,ESEM,6,6.2
ESRT,EHZW,8,8.1
ESRT,EHZW,8,8.1
ESRT,HAGEN,11,11.2
ESRT,HAGEN,11,11.2
BERHBL,BHF,5,4.7
BERHBL,BHF,5,4.7
BERHBL,BSPD,12,11.6
BERHBL,BSPD,12,11.6
IJT,SK,3,3.2
IJT,SK,3,3.2
IJT,WK,13,11.7
IJT,WK,13,11.7
FBNL,BRUSN,10,9.7
FBNL,BRUSN,10,9.7
FBNL,MECH,13,13.4
FBNL,MECH,13,13.4
VDM,ZB,8,6.4
VDM,ZB,8,6.4
VDL,HRLW,2,1.9
VDL,HRLW,2,1.9
VDL,KMR,4,3.6
VDL,KMR,4,3.6
WFM,BF,5,4.6
WFM,BF,5,4.6
WFM,UST,3,3.0
WFM,UST,3,3.0
ZLW,BDPB,10,10.2
ZLW,BDPB,10,10.2
ZLW,DDZD,15,11.0
ZLW,DDZD,15,11.0
ZLW,ZVB,8,6.8
ZLW,ZVB,8,6.8
HIL,HAD,7,6.9
HIL,HAD,7,6.9
HIL,VH,10,10.3
HIL,VH,10,10.3
AMRN,AMR,0,1.8
AMRN,AMR,0,1.8
AMRN,HWD,7,4.9
AMRN,HWD,7,4.9
AMRI,AML,2,2.0
AMRI,AML,2,2.0
AMRI,BN,7,7.3
AMRI,BN,7,7.3
NVD,RAT,14,12.8
NVD,RAT,14,12.8
NVD,WDN,8,8.8
NVD,WDN,8,8.8
VEM,KBK,5,4.7
VEM,KBK,5,4.7
VEM,ZP,4,3.7
VEM,ZP,4,3.7
MTH,HGZ,2,2.0
MTH,HGZ,2,2.0
MTH,KW,1,1.2
MTH,KW,1,1.2
HAGEN,EENP,10,10.4
HAGEN,EENP,10,10.4
HAGEN,ESRT,11,11.2
HAGEN,ESRT,11,11.2
EDD,EDKD,3,2.6
EDD,EDKD,3,2.6
EDD,EPRN,3,2.4
EDD,EPRN,3,2.4
EDC,ED,2,1.8
EDC,ED,2,1.8
EDC,LTN,6,5.5
EDC,LTN,6,5.5
MTN,MES,3,2.7
MTN,MES,3,2.7
MTN,MT,2,2.4
MTN,MT,2,2.4
KPN,ZLSH,10,9.5
KPN,ZLSH,10,9.5
NVP,HFD,5,5.4
NVP,HFD,5,5.4
NVP,SSH,11,10.0
NVP,SSH,11,10.0
MTR,EDN,9,7.4
MTR,EDN,9,7.4
MTR,MT,0,1.5
MTR,MT,0,1.5
EDN,FVS,4,4.0
EDN,FVS,4,4.0
EDN,MTR,9,7.4
EDN,MTR,9,7.4
EDO,EDKD,5,4.8
EDO,EDKD,5,4.8
EDO,HAMM,30,29.9
EDO,HAMM,30,29.9
EDO,WUPPH,36,36.4
EDO,WUPPH,36,36.4
FFS,FFFM,2,1.8
FFS,FFFM,2,1.8
FFS,WURZB,130,95.3
FFS,WURZB,130,95.3
AMST,LINZ,48,327.5
AMST,LINZ,48,327.5
AMST,POLTEN,57,426.6
AMST,POLTEN,57,426.6
TBG,GDR,1,1.4
TBG,GDR,1,1.4
TBG,VSV,7,6.7
TBG,VSV,7,6.7
NWK,CPS,5,2.6
NWK,CPS,5,2.6
NWK,GD,9,8.3
NWK,GD,9,8.3
LSL,BLTM,2,2.3
LSL,BLTM,2,2.3
LSL,LGL,6,6.2
LSL,LGL,6,6.2
TBR,GZ,6,4.9
TBR,GZ,6,4.9
TBR,TBU,5,4.1
TBR,TBU,5,4.1
TBU,TB,0,2.3
TBU,TB,0,2.3
TBU,TBR,5,4.1
TBU,TBR,5,4.1
KKERP,KKW,2,1.5
KKERP,KKW,2,1.5
EEM,RD,7,6.4
EEM,RD,7,6.4
WURZB,FFS,130,95.3
WURZB,FFS,130,95.3
WURZB,MUNCHH,247,219.4
WURZB,MUNCHH,247,219.4
WURZB,NURNB,92,91.6
WURZB,NURNB,92,91.6
POLTEN,AMST,57,426.6
POLTEN,AMST,57,426.6
POLTEN,WBF,54,55.6
POLTEN,WBF,54,55.6
POLTEN,WIENH,48,47.1
POLTEN,WIENH,48,47.1
HKS,BKG,4,3.7
HKS,BKG,4,3.7
HKS,HNK,10,7.8
HKS,HNK,10,7.8
LSW,FLK,7,7.1
LSW,FLK,7,7.1
LSW,LLB,2,1.6
LSW,LLB,2,1.6
CAS,HLO,7,6.6
CAS,HLO,7,6.6
CAS,UTG,4,4.0
CAS,UTG,4,4.0
DDZD,DDR,0,1.9
DDZD,DDR,0,1.9
DDZD,ZLW,15,11.0
DDZD,ZLW,15,11.0
ELET,ECMF,5,5.4
ELET,ECMF,5,5.4
ELET,EDULH,10,10.4
ELET,EDULH,10,10.4
KRD,CVM,2,1.6
KRD,CVM,2,1.6
GERP,GN,2,1.5
GERP,GN,2,1.5
GERP,HRN,4,3.8
GERP,HRN,4,3.8
GERP,KW,10,10.3
GERP,KW,10,10.3
KRG,BZL,6,5.9
KRG,BZL,6,5.9
KRG,KBD,7,6.6
KRG,KBD,7,6.6
HLG,FN,9,8.3
HLG,FN,9,8.3
HLG,HLGH,1,1.1
HLG,HLGH,1,1.1
LEER,WR,15,11.1
LEER,WR,15,11.1
DUSSEL,DUISB,23,23.3
DUSSEL,DUISB,23,23.3
DUSSEL,KKD,34,33.6
DUSSEL,KKD,34,33.6
DUSSEL,NEUSS,8,7.8
DUSSEL,NEUSS,8,7.8
DUSSEL,WUPPV,24,19.5
DUSSEL,WUPPV,24,19.5
LTN,BNZ,5,5.1
LTN,BNZ,5,5.1
LTN,EDC,6,5.5
LTN,EDC,6,5.5
HLM,BLL,3,2.0
HLM,BLL,3,2.0
HLM,HAD,4,3.8
HLM,HAD,4,3.8
HLM,HLMS,0,2.4
HLM,HLMS,0,2.4
HLM,OVN,2,2.2
HLM,OVN,2,2.2
HVSP,HOR,6,4.3
HVSP,HOR,6,4.3
HVSP,HVS,0,1.1
HVSP,HVS,0,1.1
SCHLL,LKM,2,1.2
SCHLL,LKM,2,1.2
SCHLL,LNI,1,1.6
SCHLL,LNI,1,1.6
HLO,AMR,5,5.0
HLO,AMR,5,5.0
HLO,CAS,7,6.6
HLO,CAS,7,6.6
HVSM,BSMZ,6,3.2
HVSM,BSMZ,6,3.2
HVSM,HVS,1,1.5
HVSM,HVS,1,1.5
DDN,GO,10,9.6
DDN,GO,10,9.6
DDN,HGLG,3,3.9
DDN,HGLG,3,3.9
LTV,RL,13,12.7
LTV,RL,13,12.7
LTV,WWW,9,8.5
LTV,WWW,9,8.5
FHS,GDP,7,6.8
FHS,GDP,7,6.8
DDR,DDRS,3,3.4
DDR,DDRS,3,3.4
DDR,DDZD,0,1.9
DDR,DDZD,0,1.9
DDR,ZWD,2,2.0
DDR,ZWD,2,2.0
MECH,BERCH,21,20.5
MECH,BERCH,21,20.5
MECH,BRUSN,24,19.5
MECH,BRUSN,24,19.5
MECH,FBNL,13,13.4
MECH,FBNL,13,13.4
KARLSR,FFFM,140,125.3
KARLSR,FFFM,140,125.3
KARLSR,MANNHE,54,54.2
KARLSR,MANNHE,54,54.2
KARLSR,TS,62,61.7
KARLSR,TS,62,61.7
VALTGV,ACDG,483,486.2
VALTGV,ACDG,483,486.2
VALTGV,AVTGV,110,112.2
VALTGV,AVTGV,110,112.2
KSB,KKD,22,22.9
KSB,KKD,22,22.9
SBK,GLN,3,2.7
SBK,GLN,3,2.7
SBK,SN,2,1.7
SBK,SN,2,1.7
AIME,LANDRY,7,7.0
AIME,LANDRY,7,7.0
AIME,MOUT,13,11.9
AIME,MOUT,13,11.9
VHP,DA,2,1.9
VHP,DA,2,1.9
VHP,MRB,6,5.8
VHP,MRB,6,5.8
HTNC,CL,10,8.5
HTNC,CL,10,8.5
HTNC,HTN,0,2.0
HTNC,HTN,0,2.0
LEDN,DVNK,3,2.7
LEDN,DVNK,3,2.7
LEDN,LDL,0,2.3
LEDN,LDL,0,2.3
LEDN,SSH,8,6.0
LEDN,SSH,8,6.0
LEDN,VH,8,6.5
LEDN,VH,8,6.5
HMH,HM,0,2.3
HMH,HM,0,2.3
HMH,HMBV,3,1.8
HMH,HMBV,3,1.8
FIE,FTG,10,9.7
FIE,FTG,10,9.7
FIE,GDP,8,7.8
FIE,GDP,8,7.8
ELGD,EAHS,7,7.0
ELGD,EAHS,7,7.0
ELGD,EHW,5,4.5
ELGD,EHW,5,4.5
MOUT,AIME,13,11.9
MOUT,AIME,13,11.9
MOUT,ALBERT,23,23.7
MOUT,ALBERT,23,23.7
EGH,CVM,2,1.9
EGH,CVM,2,1.9
EGH,LG,2,1.9
EGH,LG,2,1.9
HMN,OP,3,2.5
HMN,OP,3,2.5
HMN,ZA,3,3.4
HMN,ZA,3,3.4
DEI,DRP,7,6.3
DEI,DRP,7,6.3
DEI,LW,4,4.3
DEI,LW,4,4.3
LUT,BK,4,4.1
LUT,BK,4,4.1
LUT,STD,4,3.7
LUT,STD,4,3.7
INNSB,JENBAC,32,31.7
INNSB,JENBAC,32,31.7
GKT,FKTH,1,1.4
GKT,FKTH,1,1.4
GKT,MID,2,1.6
GKT,MID,2,1.6
MINDEN,HANN,56,55.7
MINDEN,HANN,56,55.7
MINDEN,OEYNH,13,13.3
MINDEN,OEYNH,13,13.3
RAI,ASB,6,4.7
RAI,ASB,6,4.7
RAI,ASDZ,0,1.2
RAI,ASDZ,0,1.2
RAI,DVD,4,3.5
RAI,DVD,4,3.5
